{
  "model": "PLS",
  "features": "raw u1-u7, no lags",
  "n_components": 3,
  "train_rmse": 0.13506881562166548,
  "val_rmse": 0.15530106405738617,
  "test_rmse": 0.1840074913902606,
  "train_r2": 0.17813820311359552,
  "val_r2": 0.16467119611226444,
  "test_r2": 0.04642958027225452
}