{
  "model": "PLS",
  "features": "lagged u1-u7 (lags [1, 2, 3, 5, 7, 10])",
  "n_components": 11,
  "n_features": 49,
  "train_rmse": 0.0873802486204548,
  "val_rmse": 0.10177918358853687,
  "test_rmse": 0.17152658398458828,
  "train_r2": 0.6567207802780405,
  "val_r2": 0.6428544648809075,
  "test_r2": 0.17304999243131447
}