{
  "per_sensor_importance": {
    "u5": 0.0786999985575676,
    "u3": 0.035100001841783524,
    "u1": 0.008799999952316284,
    "u7": 0.004999999888241291,
    "u4": 0.003599999938160181,
    "u6": 0.003000000026077032,
    "u2": 0.0003000000142492354
  },
  "per_lag_importance": {
    "0": 0.002899999963119626,
    "1": 0.0019000000320374966,
    "2": 0.0032999999821186066,
    "3": 0.003700000001117587,
    "5": 0.004999999888241291,
    "7": 0.009800000116229057,
    "10": 0.032099999487400055,
    "15": 0.042500000447034836,
    "20": 0.01590000092983246,
    "25": 0.009399999864399433,
    "30": 0.007899999618530273
  },
  "top_10_features": {
    "u5_lag15": 0.03449999913573265,
    "u5_lag10": 0.0215000007301569,
    "u5_lag20": 0.01140000019222498,
    "u3_lag7": 0.007400000002235174,
    "u3_lag10": 0.007400000002235174,
    "u3_lag15": 0.004699999932199717,
    "u5_lag25": 0.004600000102072954,
    "u3_lag20": 0.003800000064074993,
    "u1_lag25": 0.003100000089034438,
    "u3_lag5": 0.003000000026077032
  }
}