{
  "per_sensor": {
    "time_h": 1.3042000532150269,
    "volume_L": 1.2884999513626099,
    "feed_rate_Lph": 0.05530000105500221,
    "agitator_rpm": 0.013700000010430813,
    "DO_pct": 0.000699999975040555,
    "pH": 0.0003000000142492354,
    "temperature_K": 9.999999747378752e-05
  },
  "per_lag": {
    "0": 1.3454999923706055,
    "2": 0.04270000010728836,
    "4": 0.02370000071823597,
    "8": 0.02710000053048134,
    "16": 0.062300000339746475,
    "32": 1.1612999439239502
  },
  "top_10": {
    "time_h": 1.3042000532150269,
    "volume_L_lag32": 1.1384999752044678,
    "volume_L_lag16": 0.050599999725818634,
    "volume_L_lag2": 0.03779999911785126,
    "volume_L": 0.030899999663233757,
    "feed_rate_Lph_lag32": 0.01889999955892563,
    "volume_L_lag4": 0.018400000408291817,
    "feed_rate_Lph_lag8": 0.012799999676644802,
    "volume_L_lag8": 0.012299999594688416,
    "feed_rate_Lph": 0.008799999952316284
  }
}